<?xml version="1.0" encoding="UTF-8"?>
<!-- Definition of new Model -->
<model name="sc:somecomodel" xmlns="http://www.alfresco.org/model/dictionary/1.0">

	<!-- Optional meta-data about the model -->
	<description>Someco Model</description>
	<author>Jeff Potts</author>
	<version>1.0</version>

	<!-- Imports are required to allow references to definitions in other models -->
	<imports>
		<!-- Import Alfresco Dictionary Definitions -->
		<import uri="http://www.alfresco.org/model/dictionary/1.0" prefix="d" />
		<!-- Import Alfresco Content Domain Model Definitions -->
		<import uri="http://www.alfresco.org/model/content/1.0" prefix="cm" />
	</imports>

	<!-- Introduction of new namespaces defined by this model -->
	<namespaces>
		<namespace uri="http://www.someco.com/model/content/1.0" prefix="sc" />
	</namespaces>

	<types>
		

	</types>

	<aspects>
		
		<aspect name="sc:webable">
			<title>Someco Webable</title>
			<properties>
				<property name="sc:published">
					<type>d:date</type>
				</property>
				<property name="sc:isActive">
					<type>d:boolean</type>
					<default>false</default>
				</property>
				<!-- property to keep the hash for shortened url -->
				<property name="sc:shortLink">
					<type>d:text</type>
				</property>
				<property name="sc:expiresOn">
					<type>d:datetime</type>
				</property>
			</properties>
		</aspect>
		
	</aspects>
</model>

