<?xml version='1.0' encoding='UTF-8'?>
<!DOCTYPE beans PUBLIC '-//SPRING//DTD BEAN//EN' 'http://www.springframework.org/dtd/spring-beans.dtd'>

<beans>

   <!-- Add Someco messages -->
   <bean id="someco.resources" class="org.springframework.extensions.surf.util.ResourceBundleBootstrapComponent">
      <property name="resourceBundles">
         <list>
            <value>alfresco.web-extension.messages.scModel</value>
            <value>alfresco.messages.slingshot-custom-publish-action</value>
         </list>
      </property>
   </bean>

</beans>