<documentList>
   <actionSets>
      <actionSet id="empty"></actionSet>

      <actionSet id="document">
         <action type="simple-link" id="onActionDownload" href="{downloadUrl}" label="actions.document.download" />
         <action type="simple-link" id="onActionView" href="{viewUrl}" label="actions.document.view" />
         <action type="action-link" id="onActionDetails" permission="edit" label="actions.document.edit-metadata" />
         <action type="action-link" id="onActionSimpleApprove" permission="simple-approve" label="actions.document.simple-approve" />
         <action type="action-link" id="onActionSimpleReject" permission="simple-reject" label="actions.document.simple-reject" />
         <action type="action-link" id="onActionLocate" permission="~filter-path" label="actions.document.locate" />
         <action type="action-link" id="onActionUploadNewVersion" permission="edit" label="actions.document.upload-new-version" />
         <action type="simple-link" id="onActionInlineEdit" permission="edit,inline-edit" href="{inlineEditUrl}" label="actions.document.inline-edit" />
         <action type="action-link" id="onActionEditOnline" permission="edit,online-edit" label="actions.document.edit-online" />
         <action type="action-link" id="onActionEditOffline" permission="edit,~googledocs-edit" label="actions.document.edit-offline" />
         <action type="action-link" id="onActionCheckoutToGoogleDocs" permission="edit,googledocs-edit" label="actions.document.checkout-google" />
         <action type="action-link" id="onActionCopyTo" label="actions.document.copy-to" />
         <action type="action-link" id="onActionMoveTo" permission="delete" label="actions.document.move-to" />
         <action type="action-link" id="onActionDelete" permission="delete" label="actions.document.delete" />
         <action type="action-link" id="onActionAssignWorkflow" label="actions.document.assign-workflow" />
         <action type="action-link" id="onActionManagePermissions" permission="permissions" label="actions.document.manage-permissions" />
         <action type="action-link" id="onActionManageAspects" permission="edit" label="actions.document.manage-aspects" />'
         <action type="action-link" id="onActionPublish" permission="edit" label="actions.document.publish" />
      </actionSet>

      <actionSet id="locked">
         <action type="simple-link" id="onActionDownload" href="{downloadUrl}" label="actions.document.download" />
         <action type="simple-link" id="onActionView" href="{viewUrl}" label="actions.document.view" />
         <action type="simple-link" id="onActionViewOriginal" permission="view-original" href="{originalUrl}" label="actions.document.view-original" />
         <action type="action-link" id="onActionLocate" permission="~filter-path" label="actions.document.locate" />
         <action type="action-link" id="onActionAssignWorkflow" label="actions.document.assign-workflow" />
         <action type="action-link" id="onActionCancelEditing" permission="cancel-checkout" label="actions.document.cancel-editing" />
      </actionSet>

      <actionSet id="lockOwner">
         <action type="simple-link" id="onActionDownload" href="{downloadUrl}" label="actions.document.download-original" />
         <action type="simple-link" id="onActionView" href="{viewUrl}" label="actions.document.view" />
         <action type="action-link" id="onActionLocate" permission="~filter-path" label="actions.document.locate" />
         <action type="action-link" id="onActionAssignWorkflow" label="actions.document.assign-workflow" />
      </actionSet>

      <actionSet id="workingCopyOwner">
         <action type="action-link" id="onActionDetails" permission="edit" label="actions.document.edit-metadata" />
         <action type="action-link" id="onActionUploadNewVersion" label="actions.document.upload-new-version" />
         <action type="simple-link" id="onActionInlineEdit" permission="edit,inline-edit" href="{inlineEditUrl}" label="actions.document.inline-edit" />
         <action type="simple-link" id="onActionDownload" href="{downloadUrl}" label="actions.document.download-again" />
         <action type="simple-link" id="onActionView" href="{viewUrl}" label="actions.document.view" />
         <action type="simple-link" id="onActionViewOriginal" permission="view-original" href="{originalUrl}" label="actions.document.view-original" />
         <action type="action-link" id="onActionLocate" permission="~filter-path" label="actions.document.locate" />
         <action type="action-link" id="onActionAssignWorkflow" label="actions.document.assign-workflow" />
         <action type="action-link" id="onActionCancelEditing" permission="edit" label="actions.document.cancel-editing" />
      </actionSet>

      <actionSet id="folder">
         <action type="simple-link" id="onActionMetadata" href="{folderDetailsUrl}" label="actions.folder.view-metadata" />
         <action type="action-link" id="onActionDetails" permission="edit" label="actions.folder.edit-metadata" />
         <action type="action-link" id="onActionSimpleApprove" permission="simple-approve" label="actions.folder.simple-approve" />
         <action type="action-link" id="onActionSimpleReject" permission="simple-reject" label="actions.folder.simple-reject" />
         <action type="action-link" id="onActionLocate" permission="~filter-path" label="actions.folder.locate" />
         <action type="action-link" id="onActionCopyTo" label="actions.folder.copy-to" />
         <action type="action-link" id="onActionMoveTo" permission="delete" label="actions.folder.move-to" />
         <action type="simple-link" id="onActionRules" permission="permissions" href="{folderRulesUrl}" label="actions.folder.rules" />
         <action type="action-link" id="onActionDelete" permission="delete" label="actions.folder.delete" />
         <action type="action-link" id="onActionManagePermissions" permission="permissions" label="actions.folder.manage-permissions" />
         <action type="action-link" id="onActionManageAspects" permission="edit" label="actions.folder.manage-aspects" />
         <action type="simple-link" id="onActionExplorerView" permission="repository,~portlet" href="{explorerViewUrl}" label="actions.folder.explorer-view" />
      </actionSet>

      <actionSet id="link">
         <action type="action-link" id="onActionDelete" permission="delete" label="actions.link.delete" />
         <action type="action-link" id="onActionLocate" label="actions.link.locate" />
      </actionSet>

      <actionSet id="googleDocLocked">
         <action type="simple-link" id="onActionView" href="{viewGoogleDocUrl}" label="actions.document.view-google-doc" />
         <action type="simple-link" id="onActionViewOriginal" permission="view-original" href="{originalUrl}" label="actions.document.view-original" />
         <action type="action-link" id="onActionAssignWorkflow" label="actions.document.assign-workflow" />
         <action type="action-link" id="onActionCancelEditing" permission="cancel-checkout" label="actions.document.cancel-editing" />
      </actionSet>

      <actionSet id="googleDocOwner">
         <action type="simple-link" id="onActionView" href="{viewGoogleDocUrl}" label="actions.document.view-google-doc" />
         <action type="action-link" id="onActionCheckinFromGoogleDocs" permission="checkin-from-google" label="actions.document.checkin-google" />
         <action type="simple-link" id="onActionViewOriginal" permission="view-original" href="{originalUrl}" label="actions.document.view-original" />
         <action type="action-link" id="onActionAssignWorkflow" label="actions.document.assign-workflow" />
         <action type="action-link" id="onActionCancelEditing" permission="edit" label="actions.document.cancel-editing" />
      </actionSet>

      <actionSet id="transferredDocument">
         <action type="simple-link" id="onActionDownload" href="{downloadUrl}" label="actions.document.download" />
         <action type="simple-link" id="onActionView" href="{viewUrl}" label="actions.document.view" />
         <action type="simple-link" id="onActionViewSourceRepository" permission="view-source-repository,~portlet" href="{sourceRepositoryUrl}" label="actions.document.view-source-repository" />
      </actionSet>

      <actionSet id="transferredFolder">
         <action type="simple-link" id="onActionMetadata" href="{folderDetailsUrl}" label="actions.folder.view-metadata" />
         <action type="simple-link" id="onActionViewSourceRepository" permission="view-source-repository,~portlet" href="{sourceRepositoryUrl}" label="actions.folder.view-source-repository" />
         <action type="action-link" id="onActionCopyTo" label="actions.folder.copy-to" />
         <action type="simple-link" id="onActionRules" permission="edit" href="{folderRulesUrl}" label="actions.folder.rules" />
         <action type="action-link" id="onActionDelete" permission="delete" label="actions.folder.delete" />
         <action type="simple-link" id="onActionExplorerView" permission="repository,~portlet" href="{explorerViewUrl}" label="actions.folder.explorer-view" />
      </actionSet>
   </actionSets>
</documentList>
